"SourceId","Document","ParagraphId","Mention"
"SD-042-360SALES","360 Sales System Map. Draft 42.docx","P0210","AGENT 1 — REVENUE STRATEGY COMMAND"
"SD-042-360SALES","360 Sales System Map. Draft 42.docx","P0240","1A — Market Intelligence Director"
"SD-042-360SALES","360 Sales System Map. Draft 42.docx","P0256","1B — Offer Architecture Strategist"
"SD-042-360SALES","360 Sales System Map. Draft 42.docx","P0268","1C — Revenue Systems Architect"
"SD-042-360SALES","360 Sales System Map. Draft 42.docx","P0277","AGENT 2 — DEMAND GENERATION ENGINE"
"SD-042-360SALES","360 Sales System Map. Draft 42.docx","P0289","2A — Performance Marketing Operator"
"SD-042-360SALES","360 Sales System Map. Draft 42.docx","P0300","2B — Content Influence Strategist"
"SD-042-360SALES","360 Sales System Map. Draft 42.docx","P0309","2C — Partnership Expansion Specialist"
"SD-042-360SALES","360 Sales System Map. Draft 42.docx","P0317","AGENT 3 — SALES EXECUTION FORCE"
"SD-042-360SALES","360 Sales System Map. Draft 42.docx","P0330","3A — SDR / Opportunity Qualifier"
"SD-042-360SALES","360 Sales System Map. Draft 42.docx","P0339","3B — High-Ticket Closer"
"SD-042-360SALES","360 Sales System Map. Draft 42.docx","P0356","3C — Enterprise Deal Strategist"
"SD-042-360SALES","360 Sales System Map. Draft 42.docx","P0365","AGENT 4 — CUSTOMER RETENTION & EXPANSION SYSTEM"
"SD-042-360SALES","360 Sales System Map. Draft 42.docx","P0369","4A — Customer Success Intelligence Manager"
"SD-042-360SALES","360 Sales System Map. Draft 42.docx","P0376","4B — Expansion Revenue Specialist"
"SD-042-360SALES","360 Sales System Map. Draft 42.docx","P0384","AGENT 5 — SALES OPERATIONS & REVOPS INFRASTRUCTURE"
"SD-042-360SALES","360 Sales System Map. Draft 42.docx","P0392","5A — CRM Systems Architect"
"SD-042-360SALES","360 Sales System Map. Draft 42.docx","P0404","5B — Revenue Data Intelligence Analyst"
"SD-042-360SALES","360 Sales System Map. Draft 42.docx","P0412","5C — Workflow Automation Engineer"
"SD-042-360SALES","360 Sales System Map. Draft 42.docx","P0425","AGENT 6 — AI SALES INTELLIGENCE ORCHESTRATION"
"SD-042-360SALES","360 Sales System Map. Draft 42.docx","P0445","6A — Autonomous Sales Monitoring Agent"
"SD-042-360SALES","360 Sales System Map. Draft 42.docx","P0453","6B — Human-Framed Reasoning Agent"
"SD-042-360SALES","360 Sales System Map. Draft 42.docx","P0461","6C — Multi-Agent Orchestrator"
"SD-044-ASKINGTH","Asking the right questions. Draft 44.docx","P0436","1. EXECUTIVE INTELLIGENCE AGENT"
"SD-044-ASKINGTH","Asking the right questions. Draft 44.docx","P0462","A. Strategic Direction Subagent"
"SD-044-ASKINGTH","Asking the right questions. Draft 44.docx","P0467","B. Competitive Intelligence Subagent"
"SD-044-ASKINGTH","Asking the right questions. Draft 44.docx","P0472","C. Resource Allocation Subagent"
"SD-044-ASKINGTH","Asking the right questions. Draft 44.docx","P0486","2. MARKET INTELLIGENCE AGENT"
"SD-044-ASKINGTH","Asking the right questions. Draft 44.docx","P0495","A. Trend Detection Subagent"
"SD-044-ASKINGTH","Asking the right questions. Draft 44.docx","P0500","B. Competitor Mapping Subagent"
"SD-044-ASKINGTH","Asking the right questions. Draft 44.docx","P0505","C. Customer Sentiment Subagent"
"SD-044-ASKINGTH","Asking the right questions. Draft 44.docx","P0516","3. CUSTOMER PSYCHOLOGY AGENT"
"SD-044-ASKINGTH","Asking the right questions. Draft 44.docx","P0544","4. OFFER ARCHITECT AGENT"
"SD-044-ASKINGTH","Asking the right questions. Draft 44.docx","P0548","A. Pricing Strategy Subagent"
"SD-044-ASKINGTH","Asking the right questions. Draft 44.docx","P0549","B. Value Framing Subagent"
"SD-044-ASKINGTH","Asking the right questions. Draft 44.docx","P0550","C. Offer Differentiation Subagent"
"SD-044-ASKINGTH","Asking the right questions. Draft 44.docx","P0551","D. Risk Reduction Subagent"
"SD-044-ASKINGTH","Asking the right questions. Draft 44.docx","P0555","5. SALES EXECUTION AGENT"
"SD-044-ASKINGTH","Asking the right questions. Draft 44.docx","P0566","A. Lead Qualification Agent"
"SD-044-ASKINGTH","Asking the right questions. Draft 44.docx","P0572","B. Discovery Intelligence Agent"
"SD-044-ASKINGTH","Asking the right questions. Draft 44.docx","P0577","C. Objection Navigation Agent"
"SD-044-ASKINGTH","Asking the right questions. Draft 44.docx","P0582","D. Closing Coordination Agent"
"SD-044-ASKINGTH","Asking the right questions. Draft 44.docx","P0590","6. AI ORCHESTRATION AGENT"
"SD-044-ASKINGTH","Asking the right questions. Draft 44.docx","P0622","7. PLANNING AGENT"
"SD-044-ASKINGTH","Asking the right questions. Draft 44.docx","P0630","8. TOOL-USE AGENT"
"SD-044-ASKINGTH","Asking the right questions. Draft 44.docx","P0638","9. REFLECTION AGENT"
"SD-044-ASKINGTH","Asking the right questions. Draft 44.docx","P0646","10. MULTI-AGENT ORCHESTRATION AGENT"
"SD-054-AUDIENCE","Audience Navigation in Sales. Draft 54.docx","P0193","AGENT 1 — ATTENTION ACQUISITION ENGINE"
"SD-054-AUDIENCE","Audience Navigation in Sales. Draft 54.docx","P0270","AGENT 2 — TRUST CONVERSION ENGINE"
"SD-054-AUDIENCE","Audience Navigation in Sales. Draft 54.docx","P0308","AGENT 3 — SALES NAVIGATION ENGINE"
"SD-031-BUILDSAL","Build Sales Metrics. Draft 31.docx","P0200","1. Pipeline Generation Agent"
"SD-031-BUILDSAL","Build Sales Metrics. Draft 31.docx","P0206","2. Qualification Agent"
"SD-031-BUILDSAL","Build Sales Metrics. Draft 31.docx","P0219","4. Account Growth Agent"
"SD-031-BUILDSAL","Build Sales Metrics. Draft 31.docx","P0225","5. Revenue Intelligence Agent"
"SD-031-BUILDSAL","Build Sales Metrics. Draft 31.docx","P0231","6. System Optimization Agent"
"SD-031-BUILDSAL","Build Sales Metrics. Draft 31.docx","P0389","AGENT 1 — REVENUE STRATEGY COMMAND"
"SD-031-BUILDSAL","Build Sales Metrics. Draft 31.docx","P0431","AGENT 2 — DEMAND GENERATION SYSTEM"
"SD-031-BUILDSAL","Build Sales Metrics. Draft 31.docx","P0465","AGENT 3 — SALES EXECUTION ENGINE"
"SD-031-BUILDSAL","Build Sales Metrics. Draft 31.docx","P0512","AGENT 4 — CUSTOMER SUCCESS & EXPANSION ENGINE"
"SD-031-BUILDSAL","Build Sales Metrics. Draft 31.docx","P0539","AGENT 5 — REVENUE OPERATIONS (REVOPS)"
"SD-031-BUILDSAL","Build Sales Metrics. Draft 31.docx","P0573","AGENT 6 — EXECUTIVE POWER STRUCTURE"
"SD-005-BUILDING","Building a Sales Momentum. Draft 5.docx","P0314","AGENT 1 — MARKET INTELLIGENCE COMMAND"
"SD-005-BUILDING","Building a Sales Momentum. Draft 5.docx","P0390","AGENT 2 — PIPELINE ACQUISITION ENGINE"
"SD-005-BUILDING","Building a Sales Momentum. Draft 5.docx","P0438","AGENT 3 — SALES CONVERSION ENGINE"
"SD-005-BUILDING","Building a Sales Momentum. Draft 5.docx","P0488","AGENT 4 — REVENUE OPERATIONS COMMAND (RevOps)"
"SD-005-BUILDING","Building a Sales Momentum. Draft 5.docx","P0531","AGENT 5 — STRATEGIC ADAPTATION ENGINE"
"SD-005-BUILDING","Building a Sales Momentum. Draft 5.docx","P0570","AGENT 6 — EXECUTION DISCIPLINE SYSTEM"
"SD-058-BUILDING","Building Sales Audience Pre-Sale. Draft 58.docx","P0143","AGENT 1 — ATTENTION ACQUISITION ENGINE"
"SD-058-BUILDING","Building Sales Audience Pre-Sale. Draft 58.docx","P0214","AGENT 2 — NARRATIVE CONTROL SYSTEM"
"SD-058-BUILDING","Building Sales Audience Pre-Sale. Draft 58.docx","P0256","AGENT 3 — TRUST INFRASTRUCTURE ENGINE"
"SD-058-BUILDING","Building Sales Audience Pre-Sale. Draft 58.docx","P0283","AGENT 4 — IDENTITY & COMMUNITY ENGINE"
"SD-058-BUILDING","Building Sales Audience Pre-Sale. Draft 58.docx","P0312","AGENT 5 — DEMAND CONDITIONING SYSTEM"
"SD-052-DAILYSAL","Daily Sales Action Plan. Draft 52.docx","P0279","AGENT 1 — MARKET INTELLIGENCE AGENT"
"SD-052-DAILYSAL","Daily Sales Action Plan. Draft 52.docx","P0340","AGENT 2 — OUTBOUND ACTIVATION AGENT"
"SD-052-DAILYSAL","Daily Sales Action Plan. Draft 52.docx","P0402","AGENT 3 — CONVERSATION INTELLIGENCE AGENT"
"SD-052-DAILYSAL","Daily Sales Action Plan. Draft 52.docx","P0442","AGENT 4 — OFFER ARCHITECTURE AGENT"
"SD-052-DAILYSAL","Daily Sales Action Plan. Draft 52.docx","P0474","AGENT 5 — CLOSING & REVENUE EXTRACTION AGENT"
"SD-052-DAILYSAL","Daily Sales Action Plan. Draft 52.docx","P0498","AGENT 6 — FOLLOW-UP DOMINANCE AGENT"
"SD-029-DYNAMICS","Dynamic Sales System Design. Draft 29.docx","P0172","A. Intelligence Agent"
"SD-029-DYNAMICS","Dynamic Sales System Design. Draft 29.docx","P0181","B. Qualification Agent"
"SD-029-DYNAMICS","Dynamic Sales System Design. Draft 29.docx","P0190","C. Engagement Agent"
"SD-029-DYNAMICS","Dynamic Sales System Design. Draft 29.docx","P0199","D. Offer Engineering Agent"
"SD-029-DYNAMICS","Dynamic Sales System Design. Draft 29.docx","P0208","E. Closing Agent"
"SD-029-DYNAMICS","Dynamic Sales System Design. Draft 29.docx","P0217","F. Optimization Agent"
"SD-014-HANDLING","Handling Sales Negatives. Draft 14.docx","P0148","C. Sales Strategist Agent"
"SD-014-HANDLING","Handling Sales Negatives. Draft 14.docx","P0155","D. CRM Automation Agent"
"SD-014-HANDLING","Handling Sales Negatives. Draft 14.docx","P0162","E. Training & Enablement Agent"
"SD-014-HANDLING","Handling Sales Negatives. Draft 14.docx","P0305","AGENT 1 — Revenue Acquisition Agent"
"SD-014-HANDLING","Handling Sales Negatives. Draft 14.docx","P0353","AGENT 2 — Objection Intelligence Agent"
"SD-014-HANDLING","Handling Sales Negatives. Draft 14.docx","P0395","AGENT 3 — Frame Control Agent"
"SD-014-HANDLING","Handling Sales Negatives. Draft 14.docx","P0437","AGENT 4 — Conversion Systems Agent"
"SD-027-MAINTAIN","Maintaing Sales System. Draft 27.docx","P0131","AGENT 1 — EXECUTIVE REVENUE GOVERNANCE"
"SD-027-MAINTAIN","Maintaing Sales System. Draft 27.docx","P0229","AGENT 2 — SALES EXECUTION FORCE"
"SD-043-MISSIONV","Mission Vision Goal Values. Draft 43.docx","P0371","AGENT 1 — STRATEGIC INTELLIGENCE COMMAND"
"SD-043-MISSIONV","Mission Vision Goal Values. Draft 43.docx","P0430","AGENT 2 — OPPORTUNITY QUALIFICATION ENGINE"
"SD-043-MISSIONV","Mission Vision Goal Values. Draft 43.docx","P0472","AGENT 3 — DISCOVERY & PSYCHOLOGICAL INTELLIGENCE ENGINE"
"SD-043-MISSIONV","Mission Vision Goal Values. Draft 43.docx","P0486","1. Context Extraction Agent"
"SD-043-MISSIONV","Mission Vision Goal Values. Draft 43.docx","P0492","2. Emotional Mapping Agent"
"SD-043-MISSIONV","Mission Vision Goal Values. Draft 43.docx","P0499","3. Decision Architecture Agent"
"SD-043-MISSIONV","Mission Vision Goal Values. Draft 43.docx","P0525","AGENT 4 — SOLUTION ARCHITECTURE SYSTEM"
"SD-043-MISSIONV","Mission Vision Goal Values. Draft 43.docx","P0532","1. Value Translation Agent"
"SD-043-MISSIONV","Mission Vision Goal Values. Draft 43.docx","P0537","2. Scenario Modeling Agent"
"SD-043-MISSIONV","Mission Vision Goal Values. Draft 43.docx","P0542","3. Friction Reduction Agent"
"SD-024-MONETIZA","Monetization Layer in Sales. Draft 24.docx","P0277","1. Intelligence Agent"
"SD-024-MONETIZA","Monetization Layer in Sales. Draft 24.docx","P0425","AGENT 1 — MARKET CAPTURE ENGINE"
"SD-024-MONETIZA","Monetization Layer in Sales. Draft 24.docx","P0477","AGENT 2 — CONVERSION INTELLIGENCE ENGINE"
"SD-024-MONETIZA","Monetization Layer in Sales. Draft 24.docx","P0522","AGENT 3 — AUTHORITY & STATUS ENGINE"
"SD-024-MONETIZA","Monetization Layer in Sales. Draft 24.docx","P0541","2. Prestige Positioning Agent"
"SD-024-MONETIZA","Monetization Layer in Sales. Draft 24.docx","P0551","AGENT 4 — POWER & ACCESS SYSTEM"
"SD-024-MONETIZA","Monetization Layer in Sales. Draft 24.docx","P0581","2. Power Mapping Intelligence Agent"
"SD-024-MONETIZA","Monetization Layer in Sales. Draft 24.docx","P0593","3. Timing Intelligence Agent"
"SD-024-MONETIZA","Monetization Layer in Sales. Draft 24.docx","P0605","AGENT 5 — DELIVERY EXPERIENCE ENGINE"
"SD-024-MONETIZA","Monetization Layer in Sales. Draft 24.docx","P0636","AGENT 6 — SALES INTELLIGENCE CORE"
"SD-024-MONETIZA","Monetization Layer in Sales. Draft 24.docx","P0648","1. Relationship Intelligence Agent"
"SD-024-MONETIZA","Monetization Layer in Sales. Draft 24.docx","P0656","2. Market Signal Intelligence Agent"
"SD-029-MONETIZI","Monetizing Sales System. Draft 29.docx","P0138","AGENT 1 — TRAFFIC & ATTENTION ENGINE"
"SD-029-MONETIZI","Monetizing Sales System. Draft 29.docx","P0205","AGENT 2 — LEAD CONVERSION ENGINE"
"SD-029-MONETIZI","Monetizing Sales System. Draft 29.docx","P0249","AGENT 3 — DELIVERY ENGINE"
"SD-029-MONETIZI","Monetizing Sales System. Draft 29.docx","P0265","AGENT 4 — DATA & INTELLIGENCE ENGINE"
"SD-029-MONETIZI","Monetizing Sales System. Draft 29.docx","P0292","AGENT 5 — AUTOMATION & AI ORCHESTRATION ENGINE"
"SD-051-MONETIZI","Monetizing Sales System. Draft 51.docx","P0196","AGENT 1 — ATTENTION ENGINE"
"SD-051-MONETIZI","Monetizing Sales System. Draft 51.docx","P0281","AGENT 2 — AUTHORITY ENGINE"
"SD-051-MONETIZI","Monetizing Sales System. Draft 51.docx","P0318","AGENT 3 — CONVERSION ENGINE"
"SD-051-MONETIZI","Monetizing Sales System. Draft 51.docx","P0353","AGENT 4 — AI AUTOMATION LAYER"
"SD-019-MUTUALDI","Mutual Discovery in Sales. Draft 19.docx","P0386","AGENT 1 — STRATEGIC INTELLIGENCE ENGINE"
"SD-019-MUTUALDI","Mutual Discovery in Sales. Draft 19.docx","P0413","1A — Market Intelligence Subagent"
"SD-019-MUTUALDI","Mutual Discovery in Sales. Draft 19.docx","P0450","1B — Client Intelligence Subagent"
"SD-019-MUTUALDI","Mutual Discovery in Sales. Draft 19.docx","P0472","AGENT 2 — MUTUAL DISCOVERY ENGINE"
"SD-019-MUTUALDI","Mutual Discovery in Sales. Draft 19.docx","P0485","2A — Conversational Intelligence Subagent"
"SD-019-MUTUALDI","Mutual Discovery in Sales. Draft 19.docx","P0508","2B — Trust Engineering Subagent"
"SD-019-MUTUALDI","Mutual Discovery in Sales. Draft 19.docx","P0525","AGENT 3 — DECISION ARCHITECTURE ENGINE"
"SD-019-MUTUALDI","Mutual Discovery in Sales. Draft 19.docx","P0536","3A — Stakeholder Power Mapping Subagent"
"SD-019-MUTUALDI","Mutual Discovery in Sales. Draft 19.docx","P0553","3B — Objection Intelligence Subagent"
"SD-019-MUTUALDI","Mutual Discovery in Sales. Draft 19.docx","P0571","AGENT 4 — EXECUTION OPERATING SYSTEM"
"SD-019-MUTUALDI","Mutual Discovery in Sales. Draft 19.docx","P0600","4B — Workflow Orchestration Subagent"
"SD-019-MUTUALDI","Mutual Discovery in Sales. Draft 19.docx","P0615","AGENT 5 — LEARNING & ADAPTATION ENGINE"
"SD-019-MUTUALDI","Mutual Discovery in Sales. Draft 19.docx","P0619","5A — Pattern Learning Subagent"
"SD-019-MUTUALDI","Mutual Discovery in Sales. Draft 19.docx","P0633","5B — System Reflection Subagent"
"SD-033-NETWORKI","Networking Partnership Structure. Draft 33.docx","P0450","AGENT 1 — ECOSYSTEM STRATEGIST"
"SD-033-NETWORKI","Networking Partnership Structure. Draft 33.docx","P0477","1A — Market Intelligence Architect"
"SD-033-NETWORKI","Networking Partnership Structure. Draft 33.docx","P0499","1C — Strategic Positioning Architect"
"SD-033-NETWORKI","Networking Partnership Structure. Draft 33.docx","P0536","AGENT 2 — RELATIONSHIP ACQUISITION ENGINE"
"SD-033-NETWORKI","Networking Partnership Structure. Draft 33.docx","P0547","2A — Outreach Operator"
"SD-033-NETWORKI","Networking Partnership Structure. Draft 33.docx","P0561","2B — Trust Development Operator"
"SD-033-NETWORKI","Networking Partnership Structure. Draft 33.docx","P0568","2C — Social Signal Intelligence Analyst"
"SD-033-NETWORKI","Networking Partnership Structure. Draft 33.docx","P0575","AGENT 3 — PARTNERSHIP STRUCTURING ENGINE"
"SD-033-NETWORKI","Networking Partnership Structure. Draft 33.docx","P0579","3A — Incentive Architect"
"SD-033-NETWORKI","Networking Partnership Structure. Draft 33.docx","P0586","3B — Deal Structuring Operator"
"SD-033-NETWORKI","Networking Partnership Structure. Draft 33.docx","P0601","AGENT 4 — COLLABORATION ORCHESTRATION ENGINE"
"SD-033-NETWORKI","Networking Partnership Structure. Draft 33.docx","P0605","4A — Integration Architect"
"SD-033-NETWORKI","Networking Partnership Structure. Draft 33.docx","P0617","4C — Knowledge Synchronization Agent"
"SD-033-NETWORKI","Networking Partnership Structure. Draft 33.docx","P0622","AGENT 5 — REVENUE EXECUTION ENGINE"
"SD-033-NETWORKI","Networking Partnership Structure. Draft 33.docx","P0631","5B — Strategic Closer"
"SD-033-NETWORKI","Networking Partnership Structure. Draft 33.docx","P0641","5C — Expansion Operator"
"SD-033-NETWORKI","Networking Partnership Structure. Draft 33.docx","P0646","AGENT 6 — AI ORCHESTRATION & INTELLIGENCE SYSTEM"
"SD-063-NIKOLAUS","Nikolaus Luhmann_Luhmannian Sales Theory. Draft 63.docx","P0311","AGENT 1 — ENVIRONMENTAL OBSERVATION ENGINE"
"SD-063-NIKOLAUS","Nikolaus Luhmann_Luhmannian Sales Theory. Draft 63.docx","P0401","AGENT 2 — SYSTEM TOPOLOGY MAPPER"
"SD-063-NIKOLAUS","Nikolaus Luhmann_Luhmannian Sales Theory. Draft 63.docx","P0463","AGENT 3 — CODE TRANSLATION ENGINE"
"SD-063-NIKOLAUS","Nikolaus Luhmann_Luhmannian Sales Theory. Draft 63.docx","P0497","AGENT 4 — IRRITATION ENGINE"
"SD-063-NIKOLAUS","Nikolaus Luhmann_Luhmannian Sales Theory. Draft 63.docx","P0524","AGENT 5 — PARADOX ABSORPTION ENGINE"
"SD-063-NIKOLAUS","Nikolaus Luhmann_Luhmannian Sales Theory. Draft 63.docx","P0551","AGENT 6 — STRUCTURAL COUPLING ENGINE"
"SD-016-OUTCOMEO","Outcome of the 99.9% Success System. Draft 16.docx","P0129","1. Market Intelligence Agent"
"SD-016-OUTCOMEO","Outcome of the 99.9% Success System. Draft 16.docx","P0132","2. Demand Generation Agent"
"SD-016-OUTCOMEO","Outcome of the 99.9% Success System. Draft 16.docx","P0142","5. Customer Success Agent"
"SD-016-OUTCOMEO","Outcome of the 99.9% Success System. Draft 16.docx","P0145","6. Revenue Expansion Agent"
"SD-016-OUTCOMEO","Outcome of the 99.9% Success System. Draft 16.docx","P0147","7. Revenue Intelligence Agent"
"SD-016-OUTCOMEO","Outcome of the 99.9% Success System. Draft 16.docx","P0327","AGENT 1 — MARKET INTELLIGENCE COMMAND"
"SD-016-OUTCOMEO","Outcome of the 99.9% Success System. Draft 16.docx","P0384","AGENT 2 — DEMAND GENERATION ENGINE"
"SD-016-OUTCOMEO","Outcome of the 99.9% Success System. Draft 16.docx","P0430","AGENT 3 — QUALIFICATION INTELLIGENCE SYSTEM"
"SD-016-OUTCOMEO","Outcome of the 99.9% Success System. Draft 16.docx","P0467","AGENT 4 — SALES CONVERSION COMMAND"
"SD-016-OUTCOMEO","Outcome of the 99.9% Success System. Draft 16.docx","P0516","AGENT 5 — DELIVERY & VALUE REALIZATION SYSTEM"
"SD-016-OUTCOMEO","Outcome of the 99.9% Success System. Draft 16.docx","P0541","AGENT 6 — REVENUE EXPANSION ENGINE"
"SD-016-OUTCOMEO","Outcome of the 99.9% Success System. Draft 16.docx","P0556","AGENT 7 — REVENUE INTELLIGENCE & FEEDBACK COMMAND"
"SD-030-PHYCHOGR","Phychographics in Sales. Draft 30.docx","P0182","1. Psychographic Intelligence Agent"
"SD-030-PHYCHOGR","Phychographics in Sales. Draft 30.docx","P0191","2. Segmentation & Profiling Agent"
"SD-030-PHYCHOGR","Phychographics in Sales. Draft 30.docx","P0200","3. Messaging & Positioning Agent"
"SD-030-PHYCHOGR","Phychographics in Sales. Draft 30.docx","P0218","5. Feedback Intelligence Agent"
"SD-030-PHYCHOGR","Phychographics in Sales. Draft 30.docx","P0388","A. Executive Decision Subagent"
"SD-030-PHYCHOGR","Phychographics in Sales. Draft 30.docx","P0399","B. Strategic Interpretation Subagent"
"SD-030-PHYCHOGR","Phychographics in Sales. Draft 30.docx","P0434","A. Motivation Extraction Subagent"
"SD-030-PHYCHOGR","Phychographics in Sales. Draft 30.docx","P0457","B. Fear & Resistance Subagent"
"SD-030-PHYCHOGR","Phychographics in Sales. Draft 30.docx","P0468","C. Decision Architecture Subagent"
"SD-030-PHYCHOGR","Phychographics in Sales. Draft 30.docx","P0496","A. Planning Agent"
"SD-030-PHYCHOGR","Phychographics in Sales. Draft 30.docx","P0515","B. Tool Use Agent"
"SD-030-PHYCHOGR","Phychographics in Sales. Draft 30.docx","P0525","C. Reflection Agent"
"SD-030-PHYCHOGR","Phychographics in Sales. Draft 30.docx","P0537","D. Multi-Agent Coordination Agent"
"SD-009-SALESAND","Sales and Marketing Alginment. Draft 9.docx","P0367","AGENT 1 — MARKET INTELLIGENCE COMMAND"
"SD-009-SALESAND","Sales and Marketing Alginment. Draft 9.docx","P0445","AGENT 2 — DEMAND GENERATION ENGINE"
"SD-009-SALESAND","Sales and Marketing Alginment. Draft 9.docx","P0497","AGENT 3 — REVENUE QUALIFICATION FIREWALL"
"SD-009-SALESAND","Sales and Marketing Alginment. Draft 9.docx","P0526","AGENT 4 — SALES EXECUTION COMMAND"
"SD-009-SALESAND","Sales and Marketing Alginment. Draft 9.docx","P0567","AGENT 5 — REVENUE OPERATIONS (RevOps)"
"SD-037-SALESASP","Sales as Power Navigation. Draft 37.docx","P0129","Agent: Market Intelligence Agent"
"SD-037-SALESASP","Sales as Power Navigation. Draft 37.docx","P0140","Agent: Power Mapping Agent"
"SD-037-SALESASP","Sales as Power Navigation. Draft 37.docx","P0153","Agent: Deal Intelligence Agent"
"SD-037-SALESASP","Sales as Power Navigation. Draft 37.docx","P0164","Agent: Access Strategy Agent"
"SD-037-SALESASP","Sales as Power Navigation. Draft 37.docx","P0182","Agent: Political Navigation Agent"
"SD-037-SALESASP","Sales as Power Navigation. Draft 37.docx","P0194","Agent: Narrative Strategy Agent"
"SD-037-SALESASP","Sales as Power Navigation. Draft 37.docx","P0206","Agent: Competitive Intelligence Agent"
"SD-037-SALESASP","Sales as Power Navigation. Draft 37.docx","P0217","Agent: Closing Agent"
"SD-037-SALESASP","Sales as Power Navigation. Draft 37.docx","P0346","AGENT 1 — MARKET INTELLIGENCE AGENT"
"SD-037-SALESASP","Sales as Power Navigation. Draft 37.docx","P0418","AGENT 2 — POWER MAPPING AGENT"
"SD-037-SALESASP","Sales as Power Navigation. Draft 37.docx","P0483","AGENT 3 — ROOM ACCESS STRATEGY AGENT"
"SD-037-SALESASP","Sales as Power Navigation. Draft 37.docx","P0525","AGENT 4 — POLITICAL NAVIGATION AGENT"
"SD-037-SALESASP","Sales as Power Navigation. Draft 37.docx","P0557","AGENT 5 — NARRATIVE STRATEGY AGENT"
"SD-038-SALESASP","Sales as Power Navigation. Draft 38.docx","P0129","Agent: Market Intelligence Agent"
"SD-038-SALESASP","Sales as Power Navigation. Draft 38.docx","P0140","Agent: Power Mapping Agent"
"SD-038-SALESASP","Sales as Power Navigation. Draft 38.docx","P0153","Agent: Deal Intelligence Agent"
"SD-038-SALESASP","Sales as Power Navigation. Draft 38.docx","P0164","Agent: Access Strategy Agent"
"SD-038-SALESASP","Sales as Power Navigation. Draft 38.docx","P0182","Agent: Political Navigation Agent"
"SD-038-SALESASP","Sales as Power Navigation. Draft 38.docx","P0194","Agent: Narrative Strategy Agent"
"SD-038-SALESASP","Sales as Power Navigation. Draft 38.docx","P0206","Agent: Competitive Intelligence Agent"
"SD-038-SALESASP","Sales as Power Navigation. Draft 38.docx","P0217","Agent: Closing Agent"
"SD-038-SALESASP","Sales as Power Navigation. Draft 38.docx","P0346","AGENT 1 — MARKET INTELLIGENCE AGENT"
"SD-038-SALESASP","Sales as Power Navigation. Draft 38.docx","P0418","AGENT 2 — POWER MAPPING AGENT"
"SD-038-SALESASP","Sales as Power Navigation. Draft 38.docx","P0483","AGENT 3 — ROOM ACCESS STRATEGY AGENT"
"SD-038-SALESASP","Sales as Power Navigation. Draft 38.docx","P0525","AGENT 4 — POLITICAL NAVIGATION AGENT"
"SD-038-SALESASP","Sales as Power Navigation. Draft 38.docx","P0557","AGENT 5 — NARRATIVE STRATEGY AGENT"
"SD-003-SALESCAD","Sales Cadence Stratergy. Draft 3.docx","P0452","AGENT 1 — REVENUE ORCHESTRATION ENGINE"
"SD-003-SALESCAD","Sales Cadence Stratergy. Draft 3.docx","P0528","AGENT 2 — SDR / OUTBOUND ACTIVATION SYSTEM"
"SD-003-SALESCAD","Sales Cadence Stratergy. Draft 3.docx","P0584","AGENT 3 — ACCOUNT EXECUTIVE (AE) SYSTEM"
"SD-003-SALESCAD","Sales Cadence Stratergy. Draft 3.docx","P0646","AGENT 4 — CUSTOMER SUCCESS EXPANSION ENGINE"
"SD-050-SALESCHA","Sales Channels Overview. Draft 50.docx","P0116","AGENT 1 — OUTBOUND SALES ENGINE"
"SD-050-SALESCHA","Sales Channels Overview. Draft 50.docx","P0196","AGENT 2 — INBOUND MARKETING ENGINE"
"SD-050-SALESCHA","Sales Channels Overview. Draft 50.docx","P0224","AGENT 3 — PAID ACQUISITION ENGINE"
"SD-050-SALESCHA","Sales Channels Overview. Draft 50.docx","P0248","AGENT 4 — PARTNERSHIP DISTRIBUTION NETWORK"
"SD-050-SALESCHA","Sales Channels Overview. Draft 50.docx","P0262","AGENT 5 — PLATFORM & MARKETPLACE SYSTEMS"
"SD-036-SALESCOM","Sales Competition Layers. Draft 36.docx","P0107","AGENT 1 — SELLING ORGANIZATION"
"SD-036-SALESCOM","Sales Competition Layers. Draft 36.docx","P0232","AGENT 2 — BUYING ORGANIZATION"
"SD-036-SALESCOM","Sales Competition Layers. Draft 36.docx","P0275","AGENT 3 — COMPETITORS"
"SD-026-SALESCYC","Sales Cycle Execution Tips. Draft 26.docx","P0529","AGENT 1 — MARKET INTELLIGENCE ENGINE"
"SD-026-SALESCYC","Sales Cycle Execution Tips. Draft 26.docx","P0601","AGENT 2 — DEMAND GENERATION ENGINE"
"SD-026-SALESCYC","Sales Cycle Execution Tips. Draft 26.docx","P0644","AGENT 3 — SALES EXECUTION ENGINE"
"SD-026-SALESCYC","Sales Cycle Execution Tips. Draft 26.docx","P0700","AGENT 4 — CUSTOMER SUCCESS ENGINE"
"SD-018-SALESDEC","Sales Decision Intelligence. Draft 18.docx","P0451","AGENT 1 — REVENUE COMMAND AGENT"
"SD-018-SALESDEC","Sales Decision Intelligence. Draft 18.docx","P0507","AGENT 2 — INTENT INTELLIGENCE AGENT"
"SD-018-SALESDEC","Sales Decision Intelligence. Draft 18.docx","P0557","AGENT 3 — SALES EXECUTION AGENT"
"SD-018-SALESDEC","Sales Decision Intelligence. Draft 18.docx","P0599","AGENT 4 — REPORTING & VISUALIZATION AGENT"
"SD-018-SALESDEC","Sales Decision Intelligence. Draft 18.docx","P0630","AGENT 5 — PRIVACY & TRUST GOVERNANCE AGENT"
"SD-053-SALESFLY","Sales Flywheel vs Funnel. Draft 53.docx","P0121","AGENT 1 — TRAFFIC ACQUISITION ENGINE"
"SD-053-SALESFLY","Sales Flywheel vs Funnel. Draft 53.docx","P0177","AGENT 2 — SALES CONVERSION ENGINE"
"SD-053-SALESFLY","Sales Flywheel vs Funnel. Draft 53.docx","P0235","AGENT 3 — CUSTOMER SUCCESS ENGINE"
"SD-012-SALESFUN","Sales Funnel Type. Draft 12.docx","P0298","AGENT 1 — REVENUE STRATEGY AUTHORITY"
"SD-012-SALESFUN","Sales Funnel Type. Draft 12.docx","P0356","AGENT 2 — DEMAND GENERATION SYSTEM"
"SD-012-SALESFUN","Sales Funnel Type. Draft 12.docx","P0402","AGENT 3 — SALES ACQUISITION SYSTEM"
"SD-012-SALESFUN","Sales Funnel Type. Draft 12.docx","P0469","AGENT 4 — REVENUE OPERATIONS (REVOPS)"
"SD-012-SALESFUN","Sales Funnel Type. Draft 12.docx","P0513","AGENT 5 — CUSTOMER EXPANSION SYSTEM"
"SD-012-SALESFUN","Sales Funnel Type. Draft 12.docx","P0534","AGENT 6 — MULTIPLICATION SYSTEM"
"SD-002-SALESGAP","Sales Gap and Faliures. Draft 2.docx","P0080","1. Intelligence Agent"
"SD-002-SALESGAP","Sales Gap and Faliures. Draft 2.docx","P0083","2. Prospecting Agent"
"SD-002-SALESGAP","Sales Gap and Faliures. Draft 2.docx","P0085","3. Outreach Agent"
"SD-002-SALESGAP","Sales Gap and Faliures. Draft 2.docx","P0089","5. Solution Architect Agent"
"SD-002-SALESGAP","Sales Gap and Faliures. Draft 2.docx","P0091","6. Objection/Risk Agent"
"SD-002-SALESGAP","Sales Gap and Faliures. Draft 2.docx","P0093","7. Closing Agent"
"SD-002-SALESGAP","Sales Gap and Faliures. Draft 2.docx","P0095","8. Account Growth Agent"
"SD-002-SALESGAP","Sales Gap and Faliures. Draft 2.docx","P0311","A. MARKET INTELLIGENCE AGENT"
"SD-002-SALESGAP","Sales Gap and Faliures. Draft 2.docx","P0359","B. PROSPECTING AGENT"
"SD-002-SALESGAP","Sales Gap and Faliures. Draft 2.docx","P0393","C. OUTREACH AGENT"
"SD-002-SALESGAP","Sales Gap and Faliures. Draft 2.docx","P0428","D. DISCOVERY AGENT"
"SD-002-SALESGAP","Sales Gap and Faliures. Draft 2.docx","P0463","E. TRUST AGENT"
"SD-002-SALESGAP","Sales Gap and Faliures. Draft 2.docx","P0485","F. OFFER ARCHITECT AGENT"
"SD-002-SALESGAP","Sales Gap and Faliures. Draft 2.docx","P0509","G. OBJECTION AGENT"
"SD-002-SALESGAP","Sales Gap and Faliures. Draft 2.docx","P0529","H. CLOSING AGENT"
"SD-061-SALESINT","Sales Intelligence Architecture. Draft 61.docx","P0645","AGENT: Revenue Architect"
"SD-061-SALESINT","Sales Intelligence Architecture. Draft 61.docx","P0758","AGENT: Buyer Psychology Architect"
"SD-061-SALESINT","Sales Intelligence Architecture. Draft 61.docx","P0825","AGENT: Pipeline Orchestrator"
"SD-061-SALESINT","Sales Intelligence Architecture. Draft 61.docx","P0859","AGENT: Outreach Systems Operator"
"SD-061-SALESINT","Sales Intelligence Architecture. Draft 61.docx","P0897","AGENT: Claude Revenue Coworker System"
"SD-059-SALESLAU","Sales Launch Mechanism. Draft 59.docx","P0120","AGENT 1 — MARKET PSYCHOLOGY ENGINE"
"SD-059-SALESLAU","Sales Launch Mechanism. Draft 59.docx","P0200","AGENT 2 — ATTENTION ACQUISITION ENGINE"
"SD-059-SALESLAU","Sales Launch Mechanism. Draft 59.docx","P0244","AGENT 3 — OFFER POSITIONING SYSTEM"
"SD-059-SALESLAU","Sales Launch Mechanism. Draft 59.docx","P0280","AGENT 4 — CONVERSION EXECUTION ENGINE"
"SD-059-SALESLAU","Sales Launch Mechanism. Draft 59.docx","P0308","AGENT 5 — MOMENTUM AMPLIFICATION ENGINE"
"SD-037-SALESLEG","Sales Legal Structuring. Draft 37.docx","P0407","AGENT 1 — Revenue Architecture Authority"
"SD-037-SALESLEG","Sales Legal Structuring. Draft 37.docx","P0436","1A — Offer Structuring Architect"
"SD-037-SALESLEG","Sales Legal Structuring. Draft 37.docx","P0469","1B — Commercial Risk Engineer"
"SD-037-SALESLEG","Sales Legal Structuring. Draft 37.docx","P0493","AGENT 2 — Sales Execution Authority"
"SD-037-SALESLEG","Sales Legal Structuring. Draft 37.docx","P0555","AGENT 3 — Legal Infrastructure Authority"
"SD-037-SALESLEG","Sales Legal Structuring. Draft 37.docx","P0567","3A — Contract Systems Architect"
"SD-037-SALESLEG","Sales Legal Structuring. Draft 37.docx","P0602","AGENT 4 — Financial Enforcement Authority"
"SD-037-SALESLEG","Sales Legal Structuring. Draft 37.docx","P0629","AGENT 5 — Workflow & Systems Orchestration Authority"
"SD-037-SALESLEG","Sales Legal Structuring. Draft 37.docx","P0635","5A — CLM Systems Operator"
"SD-037-SALESLEG","Sales Legal Structuring. Draft 37.docx","P0642","5B — Automation Orchestrator"
"SD-006-SALESLOG","Sales Logic Framework. Draft 6.docx","P0141","1. Lead Intelligence Agent"
"SD-006-SALESLOG","Sales Logic Framework. Draft 6.docx","P0144","2. Outreach Agent"
"SD-006-SALESLOG","Sales Logic Framework. Draft 6.docx","P0147","3. Conversation Analyst Agent"
"SD-006-SALESLOG","Sales Logic Framework. Draft 6.docx","P0150","4. Pipeline Analyst Agent"
"SD-006-SALESLOG","Sales Logic Framework. Draft 6.docx","P0153","5. Follow-up Agent"
"SD-006-SALESLOG","Sales Logic Framework. Draft 6.docx","P0403","B. Narrative Positioning Agent"
"SD-006-SALESLOG","Sales Logic Framework. Draft 6.docx","P0420","C. Outreach Execution Agent"
"SD-006-SALESLOG","Sales Logic Framework. Draft 6.docx","P0438","3. Conversion Orchestration Agent"
"SD-006-SALESLOG","Sales Logic Framework. Draft 6.docx","P0444","A. Discovery Intelligence Agent"
"SD-006-SALESLOG","Sales Logic Framework. Draft 6.docx","P0458","B. Objection Intelligence Agent"
"SD-006-SALESLOG","Sales Logic Framework. Draft 6.docx","P0472","C. Closing Architecture Agent"
"SD-006-SALESLOG","Sales Logic Framework. Draft 6.docx","P0492","A. Onboarding Systems Agent"
"SD-006-SALESLOG","Sales Logic Framework. Draft 6.docx","P0501","B. Success Monitoring Agent"
"SD-028-SALESMEC","Sales Mechanism 101_Sales System Diagnosis. Draft 28.docx","P0341","AGENT 1 — REVENUE STRATEGY ENGINE"
"SD-028-SALESMEC","Sales Mechanism 101_Sales System Diagnosis. Draft 28.docx","P0390","AGENT 2 — PIPELINE ENGINE"
"SD-028-SALESMEC","Sales Mechanism 101_Sales System Diagnosis. Draft 28.docx","P0429","AGENT 3 — EXECUTION ORCHESTRATION ENGINE"
"SD-028-SALESMEC","Sales Mechanism 101_Sales System Diagnosis. Draft 28.docx","P0451","AGENT 4 — REVENUE INTELLIGENCE ENGINE"
"SD-028-SALESMEC","Sales Mechanism 101_Sales System Diagnosis. Draft 28.docx","P0475","AGENT 5 — HUMAN PERFORMANCE ENGINE"
"SD-028-SALESMEC","Sales Mechanism 101_Sales System Diagnosis. Draft 28.docx","P0497","AGENT 6 — GOVERNANCE & CONTROL ENGINE"
"SD-013-SALESOPE","Sales Operating System Blueprint. Draft 13.docx","P0153","Agent:"
"SD-013-SALESOPE","Sales Operating System Blueprint. Draft 13.docx","P0174","Agent:"
"SD-013-SALESOPE","Sales Operating System Blueprint. Draft 13.docx","P0195","Agent:"
"SD-013-SALESOPE","Sales Operating System Blueprint. Draft 13.docx","P0214","Agent:"
"SD-013-SALESOPE","Sales Operating System Blueprint. Draft 13.docx","P0234","Agent:"
"SD-013-SALESOPE","Sales Operating System Blueprint. Draft 13.docx","P0251","Agent:"
"SD-013-SALESOPE","Sales Operating System Blueprint. Draft 13.docx","P0436","A. Market Intelligence Subagent"
"SD-013-SALESOPE","Sales Operating System Blueprint. Draft 13.docx","P0457","B. Offer Architecture Subagent"
"SD-013-SALESOPE","Sales Operating System Blueprint. Draft 13.docx","P0474","C. Positioning Warfare Subagent"
"SD-013-SALESOPE","Sales Operating System Blueprint. Draft 13.docx","P0495","A. Outbound Acquisition Subagent"
"SD-013-SALESOPE","Sales Operating System Blueprint. Draft 13.docx","P0510","B. Content Dominance Subagent"
"SD-013-SALESOPE","Sales Operating System Blueprint. Draft 13.docx","P0525","C. Paid Distribution Subagent"
"SD-013-SALESOPE","Sales Operating System Blueprint. Draft 13.docx","P0571","C. Objection Intelligence Subagent"
"SD-013-SALESOPE","Sales Operating System Blueprint. Draft 13.docx","P0613","A. CRM Intelligence Subagent"
"SD-013-SALESOPE","Sales Operating System Blueprint. Draft 13.docx","P0630","B. Automation Architecture Subagent"
"SD-055-SALESOPE","Sales Operating System Overview. Draft 55.docx","P0215","AGENT 1 — THE STRATEGIC COMMAND LAYER"
"SD-055-SALESOPE","Sales Operating System Overview. Draft 55.docx","P0296","AGENT 2 — ATTENTION ACQUISITION ENGINE"
"SD-055-SALESOPE","Sales Operating System Overview. Draft 55.docx","P0350","AGENT 3 — CONVERSATION CONVERSION ENGINE"
"SD-055-SALESOPE","Sales Operating System Overview. Draft 55.docx","P0393","AGENT 4 — EXECUTION OPERATING SYSTEM"
"SD-055-SALESOPE","Sales Operating System Overview. Draft 55.docx","P0433","AGENT 5 — AI AUGMENTATION LAYER"
"SD-049-SALESOPE","Sales Operating System Roles. Draft 49.docx","P0167","AGENT 1 — MARKET INTELLIGENCE ENGINE"
"SD-049-SALESOPE","Sales Operating System Roles. Draft 49.docx","P0198","1A — ICP Architect"
"SD-049-SALESOPE","Sales Operating System Roles. Draft 49.docx","P0212","1B — Signal Intelligence Analyst"
"SD-049-SALESOPE","Sales Operating System Roles. Draft 49.docx","P0219","1C — Competitive Intelligence Operator"
"SD-049-SALESOPE","Sales Operating System Roles. Draft 49.docx","P0227","AGENT 2 — DEMAND GENERATION ENGINE"
"SD-049-SALESOPE","Sales Operating System Roles. Draft 49.docx","P0243","2A — Outbound Systems Operator"
"SD-049-SALESOPE","Sales Operating System Roles. Draft 49.docx","P0256","2B — Content Positioning Strategist"
"SD-049-SALESOPE","Sales Operating System Roles. Draft 49.docx","P0263","2C — Funnel Architect"
"SD-049-SALESOPE","Sales Operating System Roles. Draft 49.docx","P0270","AGENT 3 — CONVERSION ENGINE"
"SD-049-SALESOPE","Sales Operating System Roles. Draft 49.docx","P0282","3A — Discovery Intelligence Specialist"
"SD-049-SALESOPE","Sales Operating System Roles. Draft 49.docx","P0296","3B — Objection Resolution Operator"
"SD-049-SALESOPE","Sales Operating System Roles. Draft 49.docx","P0308","3C — Negotiation Strategist"
"SD-049-SALESOPE","Sales Operating System Roles. Draft 49.docx","P0319","AGENT 4 — CUSTOMER EXPANSION ENGINE"
"SD-049-SALESOPE","Sales Operating System Roles. Draft 49.docx","P0332","AGENT 5 — REVENUE OPERATIONS ENGINE (REVOPS)"
"SD-049-SALESOPE","Sales Operating System Roles. Draft 49.docx","P0348","AGENT 6 — AI ORCHESTRATION ENGINE"
"SD-057-SALESPLA","Sales Playbooks and Cycles. Draft 57.docx","P0299","AGENT 1 — REVENUE STRATEGY ENGINE"
"SD-057-SALESPLA","Sales Playbooks and Cycles. Draft 57.docx","P0398","AGENT 2 — BUYER STATE DETECTION ENGINE"
"SD-057-SALESPLA","Sales Playbooks and Cycles. Draft 57.docx","P0427","AGENT 3 — DYNAMIC PLAYBOOK ORCHESTRATION ENGINE"
"SD-057-SALESPLA","Sales Playbooks and Cycles. Draft 57.docx","P0451","AGENT 4 — RELATIONSHIP CAPITAL ENGINE"
"SD-045-SALESPRO","Sales Problem Solving. Draft 45.docx","P0184","AGENT: REVENUE LEADERSHIP"
"SD-045-SALESPRO","Sales Problem Solving. Draft 45.docx","P0223","AGENT: SALES STRATEGY"
"SD-045-SALESPRO","Sales Problem Solving. Draft 45.docx","P0256","AGENT: SALES OPERATIONS"
"SD-045-SALESPRO","Sales Problem Solving. Draft 45.docx","P0283","AGENT: PROSPECTING SYSTEMS"
"SD-045-SALESPRO","Sales Problem Solving. Draft 45.docx","P0309","AGENT: SALES REPRESENTATIVES"
"SD-045-SALESPRO","Sales Problem Solving. Draft 45.docx","P0335","AGENT: ACCOUNT MANAGEMENT"
"SD-025-SALESPRO","Sales Process Clarity. Draft 25.docx","P0261","Agent:"
"SD-025-SALESPRO","Sales Process Clarity. Draft 25.docx","P0392","AGENT 1 — SALES ORCHESTRATION ENGINE"
"SD-025-SALESPRO","Sales Process Clarity. Draft 25.docx","P0470","AGENT 2 — REVENUE OPERATIONS (REVOPS)"
"SD-025-SALESPRO","Sales Process Clarity. Draft 25.docx","P0483","2A — CRM Architect"
"SD-025-SALESPRO","Sales Process Clarity. Draft 25.docx","P0493","2B — Revenue Intelligence Analyst"
"SD-025-SALESPRO","Sales Process Clarity. Draft 25.docx","P0503","AGENT 3 — FINANCE & MONETIZATION ENGINE"
"SD-025-SALESPRO","Sales Process Clarity. Draft 25.docx","P0527","AGENT 4 — LEGAL & COMPLIANCE SYSTEM"
"SD-025-SALESPRO","Sales Process Clarity. Draft 25.docx","P0540","AGENT 5 — PROCUREMENT SYSTEM (BUYER SIDE)"
"SD-025-SALESPRO","Sales Process Clarity. Draft 25.docx","P0559","AGENT 6 — CUSTOMER SUCCESS & DELIVERY"
"SD-025-SALESPRO","Sales Process Clarity. Draft 25.docx","P0565","6A — Onboarding Manager"
"SD-025-SALESPRO","Sales Process Clarity. Draft 25.docx","P0570","6B — Renewal Strategist"
"SD-046-SALESPRO","Sales Project ToC Creation. Draft 46.docx","P0275","AGENT 1 — EXECUTIVE INTELLIGENCE LAYER"
"SD-046-SALESPRO","Sales Project ToC Creation. Draft 46.docx","P0320","AGENT 2 — MARKET INTELLIGENCE LAYER"
"SD-046-SALESPRO","Sales Project ToC Creation. Draft 46.docx","P0354","AGENT 3 — SALES OPERATIONS LAYER"
"SD-046-SALESPRO","Sales Project ToC Creation. Draft 46.docx","P0382","AGENT 4 — REVENUE EXECUTION LAYER"
"SD-046-SALESPRO","Sales Project ToC Creation. Draft 46.docx","P0407","AGENT 5 — AI AGENTIC LAYER"
"SD-032-SALESROL","Sales Role in Offer Structuring. Draft 32.docx","P0403","AGENT 1 — MARKET INTELLIGENCE AGENT"
"SD-032-SALESROL","Sales Role in Offer Structuring. Draft 32.docx","P0473","AGENT 2 — PSYCHOGRAPHIC EXTRACTION AGENT"
"SD-032-SALESROL","Sales Role in Offer Structuring. Draft 32.docx","P0519","AGENT 3 — OFFER ARCHITECT AGENT"
"SD-032-SALESROL","Sales Role in Offer Structuring. Draft 32.docx","P0577","AGENT 4 — PRICING INTELLIGENCE AGENT"
"SD-032-SALESROL","Sales Role in Offer Structuring. Draft 32.docx","P0602","AGENT 5 — SALES EXECUTION AGENT"
"SD-032-SALESROL","Sales Role in Offer Structuring. Draft 32.docx","P0640","AGENT 6 — REVENUE EXPANSION AGENT"
"SD-032-SALESROL","Sales Role in Offer Structuring. Draft 32.docx","P0661","AGENT 7 — OPTIMIZATION & LEARNING AGENT"
"SD-032-SALESROL","Sales Role in Offer Structuring. Draft 32.docx","P0678","AGENT 8 — AUTOMATION & ORCHESTRATION AGENT"
"SD-040-SALESSOP","Sales SOPs. Draft 40.docx","P0191","2. Market Intelligence Agent"
"SD-040-SALESSOP","Sales SOPs. Draft 40.docx","P0195","3. Lead Generation Agent"
"SD-040-SALESSOP","Sales SOPs. Draft 40.docx","P0204","6. Account Growth Agent"
"SD-040-SALESSOP","Sales SOPs. Draft 40.docx","P0208","7. Data Intelligence Agent"
"SD-040-SALESSOP","Sales SOPs. Draft 40.docx","P0211","8. Decision Engine Agent"
"SD-040-SALESSOP","Sales SOPs. Draft 40.docx","P0215","9. Automation Agent"
"SD-040-SALESSOP","Sales SOPs. Draft 40.docx","P0218","10. QA / Optimization Agent"
"SD-040-SALESSOP","Sales SOPs. Draft 40.docx","P0418","AGENT 1 — REVENUE ARCHITECT"
"SD-040-SALESSOP","Sales SOPs. Draft 40.docx","P0469","AGENT 2 — MARKET INTELLIGENCE AGENT"
"SD-040-SALESSOP","Sales SOPs. Draft 40.docx","P0507","AGENT 3 — LEAD GENERATION ENGINE"
"SD-040-SALESSOP","Sales SOPs. Draft 40.docx","P0539","AGENT 4 — MUTUAL DISCOVERY ENGINE"
"SD-040-SALESSOP","Sales SOPs. Draft 40.docx","P0572","AGENT 5 — DECISION ENGINE"
"SD-040-SALESSOP","Sales SOPs. Draft 40.docx","P0593","AGENT 6 — CLOSING ENGINE"
"SD-040-SALESSOP","Sales SOPs. Draft 40.docx","P0611","AGENT 7 — EXPANSION & RETENTION ENGINE"
"SD-007-SALESSYA","Sales Syatem Engineering. Draft 7.docx","P0396","AGENT 1 — REVENUE STRATEGY COMMAND"
"SD-007-SALESSYA","Sales Syatem Engineering. Draft 7.docx","P0458","AGENT 2 — ATTENTION ACQUISITION ENGINE"
"SD-007-SALESSYA","Sales Syatem Engineering. Draft 7.docx","P0501","AGENT 3 — LEAD INTELLIGENCE & QUALIFICATION SYSTEM"
"SD-007-SALESSYA","Sales Syatem Engineering. Draft 7.docx","P0533","AGENT 4 — SALES CONVERSION ENGINE"
"SD-007-SALESSYA","Sales Syatem Engineering. Draft 7.docx","P0568","AGENT 5 — DELIVERY & RETENTION INFRASTRUCTURE"
"SD-007-SALESSYA","Sales Syatem Engineering. Draft 7.docx","P0597","AGENT 6 — REVENUE OPERATIONS (REVOPS)"
"SD-007-SALESSYA","Sales Syatem Engineering. Draft 7.docx","P0630","AGENT 7 — AI ORCHESTRATION LAYER"
"SD-007-SALESSYA","Sales Syatem Engineering. Draft 7.docx","P0655","1. Planning Agent"
"SD-007-SALESSYA","Sales Syatem Engineering. Draft 7.docx","P0657","2. Tool-Use Agent"
"SD-007-SALESSYA","Sales Syatem Engineering. Draft 7.docx","P0663","3. Reflection Agent"
"SD-023-SALESSYS","Sales System Diagnosis Guide. Draft 23.docx","P0420","AGENT 1 — MARKET INTELLIGENCE ENGINE"
"SD-023-SALESSYS","Sales System Diagnosis Guide. Draft 23.docx","P0476","AGENT 2 — OFFER ARCHITECTURE ENGINE"
"SD-023-SALESSYS","Sales System Diagnosis Guide. Draft 23.docx","P0520","AGENT 3 — ATTENTION ACQUISITION SYSTEM"
"SD-023-SALESSYS","Sales System Diagnosis Guide. Draft 23.docx","P0531","A. Content Intelligence Agent"
"SD-023-SALESSYS","Sales System Diagnosis Guide. Draft 23.docx","P0545","B. Audience Navigation Agent"
"SD-023-SALESSYS","Sales System Diagnosis Guide. Draft 23.docx","P0554","C. Outreach Orchestration Agent"
"SD-023-SALESSYS","Sales System Diagnosis Guide. Draft 23.docx","P0562","AGENT 4 — LEAD QUALIFICATION ENGINE"
"SD-023-SALESSYS","Sales System Diagnosis Guide. Draft 23.docx","P0580","B. Authority Detection Agent"
"SD-023-SALESSYS","Sales System Diagnosis Guide. Draft 23.docx","P0587","C. Objection Intelligence Agent"
"SD-023-SALESSYS","Sales System Diagnosis Guide. Draft 23.docx","P0595","AGENT 5 — CONVERSION ENGINE"
"SD-023-SALESSYS","Sales System Diagnosis Guide. Draft 23.docx","P0613","B. Narrative Framing Agent"
"SD-023-SALESSYS","Sales System Diagnosis Guide. Draft 23.docx","P0622","C. Commitment Transition Agent"
"SD-023-SALESSYS","Sales System Diagnosis Guide. Draft 23.docx","P0628","AGENT 6 — RETENTION & EXPANSION ENGINE"
"SD-023-SALESSYS","Sales System Diagnosis Guide. Draft 23.docx","P0635","A. Success Assurance Agent"
"SD-010-SALESSYS","Sales System Dynamic. Draft 10.docx","P0400","AGENT 1 — REVENUE STRATEGY ARCHITECT"
"SD-010-SALESSYS","Sales System Dynamic. Draft 10.docx","P0465","AGENT 2 — MARKET INTELLIGENCE ENGINE"
"SD-010-SALESSYS","Sales System Dynamic. Draft 10.docx","P0503","AGENT 3 — DEMAND GENERATION ENGINE"
"SD-010-SALESSYS","Sales System Dynamic. Draft 10.docx","P0533","AGENT 4 — SALES EXECUTION ENGINE"
"SD-010-SALESSYS","Sales System Dynamic. Draft 10.docx","P0563","AGENT 5 — SALES OPERATIONS CONTROL CENTER"
"SD-010-SALESSYS","Sales System Dynamic. Draft 10.docx","P0668","1. Planning Agent"
"SD-010-SALESSYS","Sales System Dynamic. Draft 10.docx","P0670","2. Tool Use Agent"
"SD-010-SALESSYS","Sales System Dynamic. Draft 10.docx","P0676","3. Reflection Agent"
"SD-048-SALESSYS","Sales System Execution Prompt. Draft 48.docx","P0127","AGENT 1 — CLIENT DISCOVERY INTELLIGENCE AGENT"
"SD-048-SALESSYS","Sales System Execution Prompt. Draft 48.docx","P0183","AGENT 2 — MARKET INTELLIGENCE AGENT"
"SD-048-SALESSYS","Sales System Execution Prompt. Draft 48.docx","P0211","AGENT 3 — SALES SYSTEM ARCHITECTURE AGENT"
"SD-048-SALESSYS","Sales System Execution Prompt. Draft 48.docx","P0248","AGENT 4 — REVENUE EXECUTION AGENT"
"SD-048-SALESSYS","Sales System Execution Prompt. Draft 48.docx","P0285","AGENT 5 — FEEDBACK & LEARNING AGENT"
"SD-039-SALESSYS","Sales System Payment System Desgin. Draft 39.docx","P0366","AGENT 1 — EXECUTIVE REVENUE COMMAND"
"SD-039-SALESSYS","Sales System Payment System Desgin. Draft 39.docx","P0416","1B — Revenue Intelligence Director"
"SD-039-SALESSYS","Sales System Payment System Desgin. Draft 39.docx","P0426","1C — Incentive Systems Architect"
"SD-039-SALESSYS","Sales System Payment System Desgin. Draft 39.docx","P0462","AGENT 2 — DEMAND GENERATION SYSTEM"
"SD-039-SALESSYS","Sales System Payment System Desgin. Draft 39.docx","P0475","2A — Market Intelligence Analyst"
"SD-039-SALESSYS","Sales System Payment System Desgin. Draft 39.docx","P0487","2B — Narrative Architect"
"SD-039-SALESSYS","Sales System Payment System Desgin. Draft 39.docx","P0498","2C — Paid Acquisition Operator"
"SD-039-SALESSYS","Sales System Payment System Desgin. Draft 39.docx","P0521","AGENT 3 — PIPELINE CONVERSION SYSTEM"
"SD-039-SALESSYS","Sales System Payment System Desgin. Draft 39.docx","P0535","3B — Sales Conversation Architect"
"SD-039-SALESSYS","Sales System Payment System Desgin. Draft 39.docx","P0542","3C — Pipeline Orchestration Manager"
"SD-039-SALESSYS","Sales System Payment System Desgin. Draft 39.docx","P0549","AGENT 4 — REVENUE CAPTURE SYSTEM"
"SD-039-SALESSYS","Sales System Payment System Desgin. Draft 39.docx","P0562","4B — Offer Architect"
"SD-039-SALESSYS","Sales System Payment System Desgin. Draft 39.docx","P0571","4C — Negotiation Strategist"
"SD-039-SALESSYS","Sales System Payment System Desgin. Draft 39.docx","P0578","AGENT 5 — CUSTOMER EXPANSION SYSTEM"
"SD-039-SALESSYS","Sales System Payment System Desgin. Draft 39.docx","P0587","5A — Customer Success Architect"
"SD-039-SALESSYS","Sales System Payment System Desgin. Draft 39.docx","P0590","5B — Expansion Strategist"
"SD-039-SALESSYS","Sales System Payment System Desgin. Draft 39.docx","P0600","AGENT 6 — REVENUE OPERATIONS INTELLIGENCE"
"SD-039-SALESSYS","Sales System Payment System Desgin. Draft 39.docx","P0605","6A — CRM Systems Architect"
"SD-039-SALESSYS","Sales System Payment System Desgin. Draft 39.docx","P0617","6C — Automation Engineer"
"SD-056-SALESSYS","Sales System Revenue Breakdown. Draft 56.docx","P0375","AGENT 1 — REVENUE STRATEGIST"
"SD-056-SALESSYS","Sales System Revenue Breakdown. Draft 56.docx","P0421","AGENT 2 — SALES EXECUTION ENGINE"
"SD-056-SALESSYS","Sales System Revenue Breakdown. Draft 56.docx","P0442","B. Qualification Intelligence Agent"
"SD-056-SALESSYS","Sales System Revenue Breakdown. Draft 56.docx","P0454","D. Pipeline Optimization Agent"
"SD-056-SALESSYS","Sales System Revenue Breakdown. Draft 56.docx","P0459","AGENT 3 — OPERATIONAL DELIVERY INFRASTRUCTURE"
"SD-056-SALESSYS","Sales System Revenue Breakdown. Draft 56.docx","P0486","AGENT 4 — INTELLIGENCE & DIAGNOSTICS LAYER"
"SD-056-SALESSYS","Sales System Revenue Breakdown. Draft 56.docx","P0519","AGENT 5 — EXECUTIVE CONTROL LAYER"
"SD-015-SALESSYT","Sales Sytem Success 99.9%. Draft 15.docx","P0405","AGENT 1 — STRATEGIC COMMAND LAYER"
"SD-015-SALESSYT","Sales Sytem Success 99.9%. Draft 15.docx","P0463","AGENT 2 — EXECUTION CONTROL LAYER"
"SD-015-SALESSYT","Sales Sytem Success 99.9%. Draft 15.docx","P0514","AGENT 3 — OPERATIONAL INFRASTRUCTURE LAYER"
"SD-015-SALESSYT","Sales Sytem Success 99.9%. Draft 15.docx","P0557","AGENT 4 — PSYCHOLOGICAL INFLUENCE LAYER"
"SD-011-SALESTRA","Sales Tracking and Organization. Draft 11.docx","P0393","AGENT 1 — REVENUE ORCHESTRATION ENGINE"
"SD-011-SALESTRA","Sales Tracking and Organization. Draft 11.docx","P0463","AGENT 2 — SALES EXECUTION ENGINE"
"SD-011-SALESTRA","Sales Tracking and Organization. Draft 11.docx","P0516","AGENT 3 — AI COMMERCIAL INTELLIGENCE SYSTEM"
"SD-017-SCALABLE","Scalable Sales Operating System. Draft 17.docx","P0435","1. Revenue Sovereign Agent"
"SD-017-SCALABLE","Scalable Sales Operating System. Draft 17.docx","P0497","2. Market Intelligence Agent"
"SD-020-SYSTEMBL","System Blueprint Aglinment. Draft 20.docx","P0748","AGENT 1 — REVENUE ARCHITECT"
"SD-020-SYSTEMBL","System Blueprint Aglinment. Draft 20.docx","P0853","AGENT 2 — SALES DEVELOPMENT SYSTEM"
"SD-020-SYSTEMBL","System Blueprint Aglinment. Draft 20.docx","P0910","AGENT 3 — ACCOUNT EXECUTIVE SYSTEM"
"SD-020-SYSTEMBL","System Blueprint Aglinment. Draft 20.docx","P0958","AGENT 4 — CUSTOMER SUCCESS SYSTEM"
"SD-047-SYSTEMPR","System Prompt Architecture. Draft 47.docx","P0247","A. Planner Agent"
"SD-047-SYSTEMPR","System Prompt Architecture. Draft 47.docx","P0252","B. Tool Agent"
"SD-047-SYSTEMPR","System Prompt Architecture. Draft 47.docx","P0258","C. Reflection Agent"
"SD-047-SYSTEMPR","System Prompt Architecture. Draft 47.docx","P0264","D. Synthesis Agent"
"SD-047-SYSTEMPR","System Prompt Architecture. Draft 47.docx","P0269","E. Governance Agent"
"SD-022-THESALES","THE SALES OS_2024. Sales System Alignment Draft 22.docx","P0514","AGENT 1 — STRATEGIC REVENUE ARCHITECT"
"SD-022-THESALES","THE SALES OS_2024. Sales System Alignment Draft 22.docx","P0540","1A — Market Intelligence Director"
"SD-022-THESALES","THE SALES OS_2024. Sales System Alignment Draft 22.docx","P0575","1B — Offer Architect"
"SD-022-THESALES","THE SALES OS_2024. Sales System Alignment Draft 22.docx","P0596","AGENT 2 — REVENUE EXECUTION COMMANDER"
"SD-022-THESALES","THE SALES OS_2024. Sales System Alignment Draft 22.docx","P0607","2A — SDR Intelligence Operator"
"SD-022-THESALES","THE SALES OS_2024. Sales System Alignment Draft 22.docx","P0639","2B — Closer / Decision Conversion Specialist"
"SD-022-THESALES","THE SALES OS_2024. Sales System Alignment Draft 22.docx","P0661","AGENT 3 — CONTENT & NARRATIVE OPERATIONS"
"SD-022-THESALES","THE SALES OS_2024. Sales System Alignment Draft 22.docx","P0691","AGENT 4 — SALES OPERATIONS INTELLIGENCE"
"SD-022-THESALES","THE SALES OS_2024. Sales System Alignment Draft 22.docx","P0699","4A — Pipeline Intelligence Analyst"
"SD-022-THESALES","THE SALES OS_2024. Sales System Alignment Draft 22.docx","P0723","4B — Automation Infrastructure Engineer"
"SD-022-THESALES","THE SALES OS_2024. Sales System Alignment Draft 22.docx","P0739","AGENT 5 — AI ORCHESTRATION LAYER"
"SD-022-THESALES","THE SALES OS_2024. Sales System Alignment Draft 22.docx","P0759","5A — Autonomous Execution Agent"
"SD-022-THESALES","THE SALES OS_2024. Sales System Alignment Draft 22.docx","P0775","5B — Reasoning Alignment Agent"
"SD-022-THESALES","THE SALES OS_2024. Sales System Alignment Draft 22.docx","P0785","5C — Decision Simulation Agent"
"SD-004-UNTOLDSA","Untold Sales Success Factors. Draft 4.docx","P0366","AGENT 1 — MARKET INTELLIGENCE COMMAND"
"SD-004-UNTOLDSA","Untold Sales Success Factors. Draft 4.docx","P0438","AGENT 2 — OFFER ENGINEERING COMMAND"
"SD-004-UNTOLDSA","Untold Sales Success Factors. Draft 4.docx","P0491","AGENT 3 — ATTENTION ACQUISITION COMMAND"
"SD-004-UNTOLDSA","Untold Sales Success Factors. Draft 4.docx","P0524","AGENT 4 — TRUST ACCELERATION COMMAND"
"SD-004-UNTOLDSA","Untold Sales Success Factors. Draft 4.docx","P0549","AGENT 5 — CONVERSION EXECUTION COMMAND"
"SD-004-UNTOLDSA","Untold Sales Success Factors. Draft 4.docx","P0582","AGENT 6 — FOLLOW-UP & RECOVERY COMMAND"
"SD-004-UNTOLDSA","Untold Sales Success Factors. Draft 4.docx","P0604","AGENT 7 — SALES OPERATING SYSTEM COMMAND"
"SD-001-WHATISAS","What is a stratergy. Draft 1.docx","P0395","AGENT: MARKET INTELLIGENCE AGENT"
"SD-001-WHATISAS","What is a stratergy. Draft 1.docx","P0448","AGENT: POSITIONING AGENT"
"SD-001-WHATISAS","What is a stratergy. Draft 1.docx","P0479","AGENT: OFFER ARCHITECTURE AGENT"
"SD-001-WHATISAS","What is a stratergy. Draft 1.docx","P0508","AGENT: LEAD GENERATION AGENT"
"SD-001-WHATISAS","What is a stratergy. Draft 1.docx","P0539","AGENT: OUTREACH AGENT"
"SD-001-WHATISAS","What is a stratergy. Draft 1.docx","P0559","AGENT: QUALIFICATION AGENT"
"SD-001-WHATISAS","What is a stratergy. Draft 1.docx","P0577","AGENT: PERSUASION AGENT"
"SD-001-WHATISAS","What is a stratergy. Draft 1.docx","P0598","AGENT: CLOSING AGENT"
"SD-001-WHATISAS","What is a stratergy. Draft 1.docx","P0611","AGENT: RELATIONSHIP & RETENTION AGENT"
"SD-001-WHATISAS","What is a stratergy. Draft 1.docx","P0627","AGENT: REVENUE OPERATIONS AGENT"
"SD-001-WHATISAS","What is a stratergy. Draft 1.docx","P0642","AGENT: AUTOMATION & AI ORCHESTRATION AGENT"
"SD-066-WHATISSA","What is Sales. Draft 66.docx","P0257","AGENT 1 — MARKET INTELLIGENCE AGENT"
"SD-066-WHATISSA","What is Sales. Draft 66.docx","P0303","AGENT 2 — LEAD GENERATION AGENT"
"SD-066-WHATISSA","What is Sales. Draft 66.docx","P0336","AGENT 3 — SALES CONVERSION AGENT"
"SD-066-WHATISSA","What is Sales. Draft 66.docx","P0372","AGENT 4 — ACCOUNT EXPANSION AGENT"
"SD-066-WHATISSA","What is Sales. Draft 66.docx","P0391","AGENT 5 — SALES OPERATIONS AGENT"
"SD-066-WHATISSA","What is Sales. Draft 66.docx","P0412","AGENT 6 — SALES LEADERSHIP AGENT"
"SRC-D062","Social Media in Sales. Darft 62.docx","P0333","AGENT 1 — PLATFORM INFRASTRUCTURE AGENT"
"SRC-D062","Social Media in Sales. Darft 62.docx","P0441","AGENT 2 — SALES CREATOR / BRAND AGENT"
"SRC-UNTOLD-SALES-SUCCESS-FAC","Untold Sales Success Factors.docx","P0366","AGENT 1 — MARKET INTELLIGENCE COMMAND"
"SRC-UNTOLD-SALES-SUCCESS-FAC","Untold Sales Success Factors.docx","P0438","AGENT 2 — OFFER ENGINEERING COMMAND"
"SRC-UNTOLD-SALES-SUCCESS-FAC","Untold Sales Success Factors.docx","P0491","AGENT 3 — ATTENTION ACQUISITION COMMAND"
"SRC-UNTOLD-SALES-SUCCESS-FAC","Untold Sales Success Factors.docx","P0524","AGENT 4 — TRUST ACCELERATION COMMAND"
"SRC-UNTOLD-SALES-SUCCESS-FAC","Untold Sales Success Factors.docx","P0549","AGENT 5 — CONVERSION EXECUTION COMMAND"
"SRC-UNTOLD-SALES-SUCCESS-FAC","Untold Sales Success Factors.docx","P0582","AGENT 6 — FOLLOW-UP & RECOVERY COMMAND"
"SRC-UNTOLD-SALES-SUCCESS-FAC","Untold Sales Success Factors.docx","P0604","AGENT 7 — SALES OPERATING SYSTEM COMMAND"
"SRC-SALES-TRACKING-AND-ORGAN","Sales Tracking and Organization.docx","P0393","AGENT 1 — REVENUE ORCHESTRATION ENGINE"
"SRC-SALES-TRACKING-AND-ORGAN","Sales Tracking and Organization.docx","P0463","AGENT 2 — SALES EXECUTION ENGINE"
"SRC-SALES-TRACKING-AND-ORGAN","Sales Tracking and Organization.docx","P0516","AGENT 3 — AI COMMERCIAL INTELLIGENCE SYSTEM"
